{
  "name": "sy-quickswitch-release",
  "author": "asdfcyt",
  "url": "https://github.com/asdfcyt/sy-quickswitch-release",
  "version": "0.3.1",
  "minAppVersion": "2.10.0",
  "backends": ["all"],
  "frontends": ["all"],
  "disabledInPublish": true,
  "displayName": {
    "en_US": "Quick Switch",
    "zh_CN": "快速切换"
  },
  "description": {
    "en_US": "Quick switch between opened tabs, search documents, and create reminders - similar to Obsidian's quick switcher",
    "zh_CN": "快速切换已打开的标签页、搜索文档、创建提醒 - 类似 Obsidian 的快速切换功能"
  },
  "readme": {
    "default": "README.md",
    "zh_CN": "README_zh_CN.md"
  },
  "funding": {
    "custom": [
      ""
    ]
  },
  "keywords": [
    "quick-switch",
    "navigation",
    "task"
  ]
}

